"BIO 1","AB-1L","TBA","TBA","TBA","TBA"
"BIO 2","AB-1L","TBA","TBA","TBA","TBA"
"BIO 3","AB-1L","TBA","TBA","TBA","TBA"
"BIO 30","AB-1L","TBA","TBA","TBA","TBA"
"BIO 70","AB-1L","TBA","TBA","TBA","TBA"
"BIO 101","AB-1L","TBA","TBA","TBA","TBA"
"BIO 102","AB-1L","TBA","TBA","TBA","TBA"
"BIO 120","AB-1L","TBA","TBA","TBA","TBA"
"BIO 121","AB-1L","TBA","TBA","TBA","TBA"
"BIO 130a","AB-1L","TBA","TBA","TBA","TBA"
"BIO 130b","AB-1L","TBA","TBA","TBA","TBA"
"BIO 131","AB-1L","TBA","TBA","TBA","TBA"
"BIO 137","AB-1L","TBA","TBA","TBA","TBA"
"BIO 138","AB-1L","TBA","TBA","TBA","TBA"
"BIO 139","AB-1L","TBA","TBA","TBA","TBA"
"BIO 140","AB-1L","TBA","TBA","TBA","TBA"
"BIO 142","AB-1L","TBA","TBA","TBA","TBA"
"BIO 150","AB-1L","TBA","TBA","TBA","TBA"
"BIO 151","AB-1L","TBA","TBA","TBA","TBA"
"BIO 159","AB-1L","TBA","TBA","TBA","TBA"
"BIO 180","AB-1L","TBA","TBA","TBA","TBA"
"BIO 190","AB-1L","TBA","TBA","TBA","TBA"
"BIO 191","AB-1L","TBA","TBA","TBA","TBA"
"BIO 192","AB-1L","TBA","TBA","TBA","TBA"
"BIO 199","AB-1L","TBA","TBA","TBA","TBA"
"BIO 200","AB-1L","TBA","TBA","TBA","TBA"
"BOT 1","AB-1L","TBA","TBA","TBA","TBA"
"BOT 3","AB-1L","TBA","TBA","TBA","TBA"
"BOT 11","AB-1L","TBA","TBA","TBA","TBA"
"BOT 20","AB-1L","TBA","TBA","TBA","TBA"
"BOT 101","AB-1L","TBA","TBA","TBA","TBA"
"BOT 110","AB-1L","TBA","TBA","TBA","TBA"
"BOT 111","AB-1L","TBA","TBA","TBA","TBA"
"BOT 120","AB-1L","TBA","TBA","TBA","TBA"
"BOT 131","AB-1L","TBA","TBA","TBA","TBA"
"BOT 132","AB-1L","TBA","TBA","TBA","TBA"
"BOT 140","AB-1L","TBA","TBA","TBA","TBA"
"BOT 141","AB-1L","TBA","TBA","TBA","TBA"
"BOT 142","AB-1L","TBA","TBA","TBA","TBA"
"BOT 150","AB-1L","TBA","TBA","TBA","TBA"
"BOT 152","AB-1L","TBA","TBA","TBA","TBA"
"BOT 160","AB-1L","TBA","TBA","TBA","TBA"
"BOT 161","AB-1L","TBA","TBA","TBA","TBA"
"BOT 191","AB-1L","TBA","TBA","TBA","TBA"
"BOT 192","AB-1L","TBA","TBA","TBA","TBA"
"BOT 195","AB-1L","TBA","TBA","TBA","TBA"
"NASC 1 (MST)","W-1R","TBA","TBA","TBA","TBA"
"NASC 2 (MST)","W-1R","TBA","TBA","TBA","TBA"
"NASC 3 (MST)","W-1R","TBA","TBA","TBA","TBA"
"NASC 4 (MST)","W-1R","TBA","TBA","TBA","TBA"
"NASC 5 (MST)","W-1R","TBA","TBA","TBA","TBA"
"NASC 8 (MST)","W-1R","TBA","TBA","TBA","TBA"
"NASC 9 (MST)","W-1R","TBA","TBA","TBA","TBA"
"MCB 1","WX-1L","TBA","TBA","TBA","TBA"
"MCB 101","WX-1L","TBA","TBA","TBA","TBA"
"MCB 102","WX-1L","TBA","TBA","TBA","TBA"
"MCB 103","WX-1L","TBA","TBA","TBA","TBA"
"MCB 120","WX-1L","TBA","TBA","TBA","TBA"
"MCB 130","WX-1L","TBA","TBA","TBA","TBA"
"MCB 150","WX-1L","TBA","TBA","TBA","TBA"
"MCB 160","WX-1L","TBA","TBA","TBA","TBA"
"MCB 160.1","WX-1L","TBA","TBA","TBA","TBA"
"MCB 180","WX-1L","TBA","TBA","TBA","TBA"
"MCB 181","WX-1L","TBA","TBA","TBA","TBA"
"MCB 198","WX-1L","TBA","TBA","TBA","TBA"
"WLDL 101","D-1L","TBA","TBA","TBA","TBA"
"WLDL 155","D-1L","TBA","TBA","TBA","TBA"
"WLDL 198","D-1L","TBA","TBA","TBA","TBA"
"ZOO 1","Z-1L","TBA","TBA","TBA","TBA"
"ZOO 2","Z-1L","TBA","TBA","TBA","TBA"
"ZOO 3","Z-1L","TBA","TBA","TBA","TBA"
"ZOO 91","Z-1L","TBA","TBA","TBA","TBA"
"ZOO 113","Z-1L","TBA","TBA","TBA","TBA"
"ZOO 115","Z-1L","TBA","TBA","TBA","TBA"
"ZOO 117","Z-1L","TBA","TBA","TBA","TBA"
"ZOO 122","Z-1L","TBA","TBA","TBA","TBA"
"ZOO 140","Z-1L","TBA","TBA","TBA","TBA"
"ZOO 142","Z-1L","TBA","TBA","TBA","TBA"
"ZOO 145","Z-1L","TBA","TBA","TBA","TBA"
"ZOO 146","Z-1L","TBA","TBA","TBA","TBA"
"ZOO 148","Z-1L","TBA","TBA","TBA","TBA"
"ZOO 149","Z-1L","TBA","TBA","TBA","TBA"
"ZOO 150","Z-1L","TBA","TBA","TBA","TBA"
"ZOO 151","Z-1L","TBA","TBA","TBA","TBA"
"ZOO 152","Z-1L","TBA","TBA","TBA","TBA"
"ZOO 155","Z-1L","TBA","TBA","TBA","TBA"
"ZOO 160","Z-1L","TBA","TBA","TBA","TBA"
"ZOO 170","Z-1L","TBA","TBA","TBA","TBA"
"ZOO 173","Z-1L","TBA","TBA","TBA","TBA"
"ZOO 177","Z-1L","TBA","TBA","TBA","TBA"
"ZOO 180","Z-1L","TBA","TBA","TBA","TBA"
"ZOO 185","Z-1L","TBA","TBA","TBA","TBA"
"ZOO 191","Z-1L","TBA","TBA","TBA","TBA"