"2012-33212","George","Zy","Serrano","N/A",08/25/95,"male",9122912221,"Tabaco City, Albay","Manila","Systematics","Botany",2016,"Cum Laude","PGH","Resident Physician","Medicine","Manila","Philippines","info@pgh.com",91282838288
"2010-33213","GEORGIA","Tan","Serrano","N/A",08/25/95,"male",9122912221,"Tabaco City, Albay","Manila","Systematics","Botany",2016,"Cum Laude","PGH","Resident Physician","Medicine","Manila","Philippines","info@pgh.com",91282838288
"2012-33214","Jerome","Uy","Serrano","N/A",08/25/95,"male",9122912221,"Tabaco City, Albay","Manila","Systematics","Botany",2016,"Cum Laude","PGH","Resident Physician","Medicine","Manila","Philippines","info@pgh.com",91282838288
"2012-33215","James","Sy","Serrano","N/A",08/25/95,"male",9122912221,"Tabaco City, Albay","Manila","Systematics","Botany",2016,"Cum Laude","PGH","Resident Physician","Medicine","Manila","Philippines","info@pgh.com",91282838288
"2012-33216","Dave","Zy","Serrano","N/A",08/25/95,"male",9122912221,"Tabaco City, Albay","Manila","Systematics","Botany",2016,"Cum Laude","PGH","Resident Physician","Medicine","Manila","Philippines","info@pgh.com",91282838288
"2012-33217","Mike","Zy","Serrano","N/A",08/25/95,"male",9122912221,"Tabaco City, Albay","Manila","Systematics","Botany",2016,"Cum Laude","PGH","Resident Physician","Medicine","Manila","Philippines","info@pgh.com",91282838288
"2012-33218","Bill","Zy","Serrano","N/A",08/25/95,"male",9122912221,"Tabaco City, Albay","Manila","Systematics","Botany",2016,"Cum Laude","PGH","Resident Physician","Medicine","Manila","Philippines","info@pgh.com",91282838288
"2012-33219","Jo","Zy","Serrano","N/A",08/25/95,"male",9122912221,"Tabaco City, Albay","Manila","Systematics","Botany",2016,"Cum Laude","PGH","Resident Physician","Medicine","Manila","Philippines","info@pgh.com",91282838288
"2012-33270","Joey","Zy","Serrano","N/A",08/25/95,"male",9122912221,"Tabaco City, Albay","Manila","Systematics","Botany",2016,"Cum Laude","PGH","Resident Physician","Medicine","Manila","Philippines","info@pgh.com",91282838288
"2012-33220","Louie","Zy","Serrano","N/A",08/25/95,"male",9122912221,"Tabaco City, Albay","Manila","Systematics","Botany",2016,"Cum Laude","PGH","Resident Physician","Medicine","Manila","Philippines","info@pgh.com",91282838288
"2012-33221","Mario","Zy","Serrano","N/A",08/25/95,"male",9122912221,"Tabaco City, Albay","Manila","Systematics","Botany",2016,"Cum Laude","PGH","Resident Physician","Medicine","Manila","Philippines","info@pgh.com",91282838288
